Company Name,API yes/no,Core business focus,Headquaters,Currencies,Company revenues,Target markets,Regulatory compliance,Technology stack,Partnerships,Innovation focus,Size and growth,Competitors,Future plans,Security concerns,Integration capabilities,Blockchain/DLT interest
10x,,,,,,,,,,,,,,,,
11fs,,,,,,,,,,,,,,,,
220,,,,,,,,,,,,,,,,
2RSquared,,,,,,,,,,,,,,,,
3S Money,,,,,,,,,,,,,,,,
5ire,,,,,,,,,,,,,,,,
73 Strings,,,,,,,,,,,,,,,,
9 Spokes,,,,,,,,,,,,,,,,
9fin,,,,,,,,,,,,,,,,
A-Quant,,,,,,,,,,,,,,,,
Aave,,,,,,,,,,,,,,,,
Abaka,,,,,,,,,,,,,,,,
Abelee,,,,,,,,,,,,,,,,
Ablrate,,,,,,,,,,,,,,,,
Abound,,,,,,,,,,,,,,,,
Accelex,,,,,,,,,,,,,,,,
Access Fintech,,,,,,,,,,,,,,,,
AccessPay,,,,,,,,,,,,,,,,
Accointing,,,,,,,,,,,,,,,,
AccountScore,,,,,,,,,,,,,,,,
Acin,,,,,,,,,,,,,,,,
Actelligent,,,,,,,,,,,,,,,,
Action.ai,,,,,,,,,,,,,,,,
Active Payments,,,,,,,,,,,,,,,,
Adaptive Financial Consulting,,,,,,,,,,,,,,,,
Adenza,,,,,,,,,,,,,,,,
Admiral Markets,,,,,,,,,,,,,,,,
Adsum,,,,,,,,,,,,,,,,
Advicefront,,,,,,,,,,,,,,,,
Advisory Direct,,,,,,,,,,,,,,,,
Adyen,,,,,,,,,,,,,,,,
AEVI,,,,,,,,,,,,,,,,
Aire,,,,,,,,,,,,,,,,
AirPOS,,,,,,,,,,,,,,,,
Airtime Rewards,,,,,,,,,,,,,,,,
Akoni,,,,,,,,,,,,,,,,
Alba,,,,,,,,,,,,,,,,
Algbra,,,,,,,,,,,,,,,,
Algoan,,,,,,,,,,,,,,,,
Algomi,,,,,,,,,,,,,,,,
Alif,,,,,,,,,,,,,,,,
Allica Bank,,,,,,,,,,,,,,,,
Allied Wallet,,,,,,,,,,,,,,,,
allpay,,,,,,,,,,,,,,,,
Alphamolly,,,,,,,,,,,,,,,,
AlphaVend,,,,,,,,,,,,,,,,
ALPIMA,,,,,,,,,,,,,,,,
Alter Domus,,,,,,,,,,,,,,,,
Altpay,,,,,,,,,,,,,,,,
Amiqus,,,,,,,,,,,,,,,,
Andersen Lab,,,,,,,,,,,,,,,,
ANNA Money,,,,,,,,,,,,,,,,
Anorak,,,,,,,,,,,,,,,,
Answer Pay,,,,,,,,,,,,,,,,
APEXX Global,,,,,,,,,,,,,,,,
Appii,,,,,,,,,,,,,,,,
Applied Blockchain,,,,,,,,,,,,,,,,
Applied Systems,,,,,,,,,,,,,,,,
Apply Financial,,,,,,,,,,,,,,,,
Appold DeFi,,,,,,,,,,,,,,,,
ApprovalMax,,,,,,,,,,,,,,,,
Appsbroker,,,,,,,,,,,,,,,,
AQMetrics,,,,,,,,,,,,,,,,
Aqua Digital Rising,,,,,,,,,,,,,,,,
Arabesque,,,,,,,,,,,,,,,,
Archax,,,,,,,,,,,,,,,,
ArchOver,,,,,,,,,,,,,,,,
Argent,,,,,,,,,,,,,,,,
Argentex,,,,,,,,,,,,,,,,
Argo,,,,,,,,,,,,,,,,
ARKK,,,,,,,,,,,,,,,,
Armalytix,,,,,,,,,,,,,,,,
Artemis Investment Management,,,,,,,,,,,,,,,,
Arteria AI,,,,,,,,,,,,,,,,
Artesian Solutions,,,,,,,,,,,,,,,,
Aryza,,,,,,,,,,,,,,,,
Ashman,,,,,,,,,,,,,,,,
Askria,,,,,,,,,,,,,,,,
Asset Class,,,,,,,,,,,,,,,,
AssetVault,,,,,,,,,,,,,,,,
Assetz Capital,,,,,,,,,,,,,,,,
AstroPay,,,,,,,,,,,,,,,,
Atlantic Money,,,,,,,,,,,,,,,,
Atom Bank,,,,,,,,,,,,,,,,
AutoCoinCars,,,,,,,,,,,,,,,,
Automated Intelligence,,,,,,,,,,,,,,,,
AutoRek,,,,,,,,,,,,,,,,
Auxilis,,,,,,,,,,,,,,,,
AvaTrade,,,,,,,,,,,,,,,,
Aveni,,,,,,,,,,,,,,,,
Axate,,,,,,,,,,,,,,,,
AxeTrading,,,,,,,,,,,,,,,,
Ayondo,,,,,,,,,,,,,,,,
Azimo,,,,,,,,,,,,,,,,
B2C2,,,,,,,,,,,,,,,,
B4B Payments,,,,,,,,,,,,,,,,
Baanx,,,,,,,,,,,,,,,,
BABB,,,,,,,,,,,,,,,,
Backbase,,,,,,,,,,,,,,,,
Balkerne,,,,,,,,,,,,,,,,
Banfico,,,,,,,,,,,,,,,,
Bankable,,,,,,,,,,,,,,,,
BankBI,,,,,,,,,,,,,,,,
Banked,,,,,,,,,,,,,,,,
Banking Circle,,,,,,,,,,,,,,,,
Bankingblocks,,,,,,,,,,,,,,,,
BCB Group,,,,,,,,,,,,,,,,
BCRemit,,,,,,,,,,,,,,,,
Beanstalk,,,,,,,,,,,,,,,,
Beeks Financial Cloud,,,,,,,,,,,,,,,,
Behaviour Lab,,,,,,,,,,,,,,,,
Behavox,,,,,,,,,,,,,,,,
BGL Group,,,,,,,,,,,,,,,,
Bibby Financial Services,,,,,,,,,,,,,,,,
Big Data Scoring,,,,,,,,,,,,,,,,
Bikmo,,,,,,,,,,,,,,,,
BillFront,,,,,,,,,,,,,,,,
BillingPlatform,,,,,,,,,,,,,,,,
BILRS,,,,,,,,,,,,,,,,
BIMA,,,,,,,,,,,,,,,,
Binance,,,,,,,,,,,,,,,,
BitcoinPoint,,,,,,,,,,,,,,,,
Bitengen,,,,,,,,,,,,,,,,
BitStamp,,,,,,,,,,,,,,,,
Bitstocks,,,,,,,,,,,,,,,,
bizpay,,,,,,,,,,,,,,,,
Bizzon,,,,,,,,,,,,,,,,
BKN301 Group,,,,,,,,,,,,,,,,
Black Banx,,,,,,,,,,,,,,,,
Blackbullion,,,,,,,,,,,,,,,,
BlackSwan Technologies,,,,,,,,,,,,,,,,
Blend Network,,,,,,,,,,,,,,,,
Blockchain,,,,,,,,,,,,,,,,
BlockEx,,,,,,,,,,,,,,,,
Bloom,,,,,,,,,,,,,,,,
Blue Motor Finance,,,,,,,,,,,,,,,,
Bluechain,,,,,,,,,,,,,,,,
Boku,,,,,,,,,,,,,,,,
BOMADU,,,,,,,,,,,,,,,,
Bond180,,,,,,,,,,,,,,,,
Bondaval,,,,,,,,,,,,,,,,
Boomi,,,,,,,,,,,,,,,,
BOPP,,,,,,,,,,,,,,,,
Bottlepay,,,,,,,,,,,,,,,,
Bought By Many,,,,,,,,,,,,,,,,
BR-DGE,,,,,,,,,,,,,,,,
Brady Technologies,,,,,,,,,,,,,,,,
BrickVest,,,,,,,,,,,,,,,,
Brightpearl,,,,,,,,,,,,,,,,
Brite Payments,,,,,,,,,,,,,,,,
Broker Insights,,,,,,,,,,,,,,,,
BTCC,,,,,,,,,,,,,,,,
Bud,,,,,,,,,,,,,,,,
Bumper,,,,,,,,,,,,,,,,
Bunk,,,,,,,,,,,,,,,,
Burnmark,,,,,,,,,,,,,,,,
Burrow,,,,,,,,,,,,,,,,
Business Bank UK,,,,,,,,,,,,,,,,
Butter,,,,,,,,,,,,,,,,
BVNK,,,,,,,,,,,,,,,,
Bybit,,,,,,,,,,,,,,,,
ByteTree,,,,,,,,,,,,,,,,
Callsign,,,,,,,,,,,,,,,,
Calypso,,,,,,,,,,,,,,,,
Canaree,,,,,,,,,,,,,,,,
Canopy,,,,,,,,,,,,,,,,
Capdesk,,,,,,,,,,,,,,,,
Capexmove,,,,,,,,,,,,,,,,
Capital on Tap,,,,,,,,,,,,,,,,
Capital.com,,,,,,,,,,,,,,,,
Capitalise,,,,,,,,,,,,,,,,
CapitalRise,,,,,,,,,,,,,,,,
CapitalStackers,,,,,,,,,,,,,,,,
Card Cutters,,,,,,,,,,,,,,,,
Card One Money,,,,,,,,,,,,,,,,
CardAlpha,,,,,,,,,,,,,,,,
Cardeo,,,,,,,,,,,,,,,,
Cardinal Analytics,,,,,,,,,,,,,,,,
Cardstream,,,,,,,,,,,,,,,,
CarMoola,,,,,,,,,,,,,,,,
Carne,,,,,,,,,,,,,,,,
Cashaa,,,,,,,,,,,,,,,,
CashCalc,,,,,,,,,,,,,,,,
CashDirector,,,,,,,,,,,,,,,,
Cashew,,,,,,,,,,,,,,,,
Cashfac,,,,,,,,,,,,,,,,
CASHOFF,,,,,,,,,,,,,,,,
Cashplus Bank,,,,,,,,,,,,,,,,
Caspian,,,,,,,,,,,,,,,,
Cassini Systems,,,,,,,,,,,,,,,,
Castlight,,,,,,,,,,,,,,,,
Caura,,,,,,,,,,,,,,,,
Causal,,,,,,,,,,,,,,,,
Caxton,,,,,,,,,,,,,,,,
CDL,,,,,,,,,,,,,,,,
CellPoint Digital,,,,,,,,,,,,,,,,
Cent,,,,,,,,,,,,,,,,
Centtrip,,,,,,,,,,,,,,,,
CEX-IO,,,,,,,,,,,,,,,,
Charm Impact,,,,,,,,,,,,,,,,
Checkout.com,,,,,,,,,,,,,,,,
Chetwood Financial,,,,,,,,,,,,,,,,
Chip,,,,,,,,,,,,,,,,
Chippingin,,,,,,,,,,,,,,,,
Circle,,,,,,,,,,,,,,,,
Citcon,,,,,,,,,,,,,,,,
Citizen Shareholders,,,,,,,,,,,,,,,,
City Index,,,,,,,,,,,,,,,,
CityFALCON,,,,,,,,,,,,,,,,
Clarus,,,,,,,,,,,,,,,,
ClauseMatch,,,,,,,,,,,,,,,,
Clear,,,,,,,,,,,,,,,,
Clear Books,,,,,,,,,,,,,,,,
Clear Factor,,,,,,,,,,,,,,,,
Clear Junction,,,,,,,,,,,,,,,,
ClearBank,,,,,,,,,,,,,,,,
Clearco,,,,,,,,,,,,,,,,
ClearGlass,,,,,,,,,,,,,,,,
ClearMacro,,,,,,,,,,,,,,,,
Clearmatics,,,,,,,,,,,,,,,,
ClearPay,,,,,,,,,,,,,,,,
Cledara,,,,,,,,,,,,,,,,
Cleo,,,,,,,,,,,,,,,,
Cleva,,,,,,,,,,,,,,,,
Clim8,,,,,,,,,,,,,,,,
Cloud Margin,,,,,,,,,,,,,,,,
CloudMargin,,,,,,,,,,,,,,,,
CloudPay,,,,,,,,,,,,,,,,
CLOWD9,,,,,,,,,,,,,,,,
CMC Markets,,,,,,,,,,,,,,,,
CMC Markets Connect,,,,,,,,,,,,,,,,
Coadjute,,,,,,,,,,,,,,,,
Cobalt,,,,,,,,,,,,,,,,
Coconut,,,,,,,,,,,,,,,,
Codat,,,,,,,,,,,,,,,,
Cogress,,,,,,,,,,,,,,,,
Coin Market Manager,,,,,,,,,,,,,,,,
Coincover,,,,,,,,,,,,,,,,
Coinfirm,,,,,,,,,,,,,,,,
CoinFloor,,,,,,,,,,,,,,,,
Coinpass,,,,,,,,,,,,,,,,
Coinrule,,,,,,,,,,,,,,,,
CoinShares,,,,,,,,,,,,,,,,
Collctiv,,,,,,,,,,,,,,,,
Comma,,,,,,,,,,,,,,,,
Commodities People,,,,,,,,,,,,,,,,
Compass Plus Technologies,,,,,,,,,,,,,,,,
ComplyAdvantage,,,,,,,,,,,,,,,,
Concirrus,,,,,,,,,,,,,,,,
Conferma Pay,,,,,,,,,,,,,,,,
Confused.com,,,,,,,,,,,,,,,,
Contis,,,,,,,,,,,,,,,,
Copper,,,,,,,,,,,,,,,,
Cornercard UK,,,,,,,,,,,,,,,,
Cornerstone,,,,,,,,,,,,,,,,
Corpay,,,,,,,,,,,,,,,,
Countingup,,,,,,,,,,,,,,,,
CREALOGIX,,,,,,,,,,,,,,,,
Credas,,,,,,,,,,,,,,,,
CrediCar,,,,,,,,,,,,,,,,
Credit Angel,,,,,,,,,,,,,,,,
Credit Benchmark,,,,,,,,,,,,,,,,
Credit Kudos,,,,,,,,,,,,,,,,
Credit-Vision,,,,,,,,,,,,,,,,
CreditEnable,,,,,,,,,,,,,,,,
CreditLadder,,,,,,,,,,,,,,,,
Credits,,,,,,,,,,,,,,,,
Creditspring,,,,,,,,,,,,,,,,
CredoLab,,,,,,,,,,,,,,,,
Crossflow Payments,,,,,,,,,,,,,,,,
Crowd Fund Magic,,,,,,,,,,,,,,,,
Crowd2Fund,,,,,,,,,,,,,,,,
Crowdcube,,,,,,,,,,,,,,,,
Crowdfunder,,,,,,,,,,,,,,,,
CrowdLords,,,,,,,,,,,,,,,,
CrowdProperty,,,,,,,,,,,,,,,,
Crowdstacker,,,,,,,,,,,,,,,,
CrowdX,,,,,,,,,,,,,,,,
Crunch,,,,,,,,,,,,,,,,
Crypto Facilities,,,,,,,,,,,,,,,,
CryptoCompare,,,,,,,,,,,,,,,,
CU Apps,,,,,,,,,,,,,,,,
Currencies Direct,,,,,,,,,,,,,,,,
CurrencyFair,,,,,,,,,,,,,,,,
Currensea,,,,,,,,,,,,,,,,
Curve,,,,,,,,,,,,,,,,
CurveBlock,,,,,,,,,,,,,,,,
Cushon,,,,,,,,,,,,,,,,
Cuvva,,,,,,,,,,,,,,,,
Cybertonica,,,,,,,,,,,,,,,,
Cygnus-A2,,,,,,,,,,,,,,,,
Dabbl,,,,,,,,,,,,,,,,
Dancerace,,,,,,,,,,,,,,,,
DarkTrace,,,,,,,,,,,,,,,,
Darwinex,,,,,,,,,,,,,,,,
Datactics,,,,,,,,,,,,,,,,
DeadHappy,,,,,,,,,,,,,,,,
DealGlobe,,,,,,,,,,,,,,,,
Debite,,,,,,,,,,,,,,,,
DecimalFactor,,,,,,,,,,,,,,,,
Decta,,,,,,,,,,,,,,,,
Delio,,,,,,,,,,,,,,,,
Depoway,,,,,,,,,,,,,,,,
Derivitec,,,,,,,,,,,,,,,,
Dext,,,,,,,,,,,,,,,,
Dgpays,,,,,,,,,,,,,,,,
Diaspora,,,,,,,,,,,,,,,,
DigiDoe,,,,,,,,,,,,,,,,
DIGISEQ,,,,,,,,,,,,,,,,
Digital Future Capital,,,,,,,,,,,,,,,,
Digital Identity Net,,,,,,,,,,,,,,,,
Digital Shadows,,,,,,,,,,,,,,,,
DigitalBliz,,,,,,,,,,,,,,,,
Digivault,,,,,,,,,,,,,,,,
DiPocket,,,,,,,,,,,,,,,,
DirectID,,,,,,,,,,,,,,,,
District34,,,,,,,,,,,,,,,,
DivideBuy,,,,,,,,,,,,,,,,
Divido,,,,,,,,,,,,,,,,
DMALINK,,,,,,,,,,,,,,,,
DNA Payments Group,,,,,,,,,,,,,,,,
Dojo,,,,,,,,,,,,,,,,
Domineum,,,,,,,,,,,,,,,,
Donr,,,,,,,,,,,,,,,,
dopay,,,,,,,,,,,,,,,,
Doreming,,,,,,,,,,,,,,,,
Dot,,,,,,,,,,,,,,,,
Dovetail,,,,,,,,,,,,,,,,
Dozens,,,,,,,,,,,,,,,,
DT One,,,,,,,,,,,,,,,,
Ducit,,,,,,,,,,,,,,,,
Duco,,,,,,,,,,,,,,,,
DueDil,,,,,,,,,,,,,,,,
Duesday,,,,,,,,,,,,,,,,
DX Compliance,,,,,,,,,,,,,,,,
DynaPay,,,,,,,,,,,,,,,,
E3CT,,,,,,,,,,,,,,,,
Earnr,,,,,,,,,,,,,,,,
Eastnets,,,,,,,,,,,,,,,,
easyMoney,,,,,,,,,,,,,,,,
EasyTip,,,,,,,,,,,,,,,,
ebankIT,,,,,,,,,,,,,,,,
Ebix,,,,,,,,,,,,,,,,
EchoPay,,,,,,,,,,,,,,,,
ECOMMPAY,,,,,,,,,,,,,,,,
Ecospend Technologies,,,,,,,,,,,,,,,,
Eigen Technologies,,,,,,,,,,,,,,,,
Ekko,,,,,,,,,,,,,,,,
Elavon,,,,,,,,,,,,,,,,
Electroneum,,,,,,,,,,,,,,,,
Elfin Market,,,,,,,,,,,,,,,,
Elifinty,,,,,,,,,,,,,,,,
Eligible,,,,,,,,,,,,,,,,
Elliptic,,,,,,,,,,,,,,,,
Elwood,,,,,,,,,,,,,,,,
Embark Group,,,,,,,,,,,,,,,,
Embark Platform,,,,,,,,,,,,,,,,
Ember,,,,,,,,,,,,,,,,
EMBonds,,,,,,,,,,,,,,,,
Emma,,,,,,,,,,,,,,,,
Encompass,,,,,,,,,,,,,,,,
Engage Hub,,,,,,,,,,,,,,,,
Ensygnia,,,,,,,,,,,,,,,,
Enterprai,,,,,,,,,,,,,,,,
Entrust,,,,,,,,,,,,,,,,
Envestnet Yodlee,,,,,,,,,,,,,,,,
Envision,,,,,,,,,,,,,,,,
Envizage,,,,,,,,,,,,,,,,
Episode Six,,,,,,,,,,,,,,,,
Epos Now,,,,,,,,,,,,,,,,
Equals Money,,,,,,,,,,,,,,,,
Equipsme,,,,,,,,,,,,,,,,
EQUITY X,,,,,,,,,,,,,,,,
Erlang Solutions,,,,,,,,,,,,,,,,
Escaroo,,,,,,,,,,,,,,,,
ETC Group,,,,,,,,,,,,,,,,
eToro,,,,,,,,,,,,,,,,
Euklid,,,,,,,,,,,,,,,,
Everledger,,,,,,,,,,,,,,,,
Exabel,,,,,,,,,,,,,,,,
Exegy,,,,,,,,,,,,,,,,
Exizent,,,,,,,,,,,,,,,,
Exo Investing,,,,,,,,,,,,,,,,
Expend,,,,,,,,,,,,,,,,
ExpenseOnDemand,,,,,,,,,,,,,,,,
Experian,,,,,,,,,,,,,,,,
Eyesclear,,,,,,,,,,,,,,,,
ezbob,,,,,,,,,,,,,,,,
Facilipay,,,,,,,,,,,,,,,,
FactSet,,,,,,,,,,,,,,,,
FairXchange,,,,,,,,,,,,,,,,
Farewill,,,,,,,,,,,,,,,,
Fasset,,,,,,,,,,,,,,,,
FastBitcoins,,,,,,,,,,,,,,,,
fastPAYE,,,,,,,,,,,,,,,,
Featurespace,,,,,,,,,,,,,,,,
Felloh,,,,,,,,,,,,,,,,
Fena,,,,,,,,,,,,,,,,
Fenergo,,,,,,,,,,,,,,,,
Fennech,,,,,,,,,,,,,,,,
Fern Software,,,,,,,,,,,,,,,,
Fiat Republic,,,,,,,,,,,,,,,,
Fidel,,,,,,,,,,,,,,,,
Fidessa,,,,,,,,,,,,,,,,
fidomoney,,,,,,,,,,,,,,,,
Filament AI,,,,,,,,,,,,,,,,
Fils,,,,,,,,,,,,,,,,
Fimple,,,,,,,,,,,,,,,,
Finage,,,,,,,,,,,,,,,,
Financial Simplicity,,,,,,,,,,,,,,,,
Finastra,,,,,,,,,,,,,,,,
FINBOURNE,,,,,,,,,,,,,,,,
Find.Exchange,,,,,,,,,,,,,,,,
Finer Credit,,,,,,,,,,,,,,,,
FinGenius,,,,,,,,,,,,,,,,
Finhaus Labs,,,,,,,,,,,,,,,,
finlytics,,,,,,,,,,,,,,,,
FinScan,,,,,,,,,,,,,,,,
Finstant,,,,,,,,,,,,,,,,
FintechOS,,,,,,,,,,,,,,,,
Finteco,,,,,,,,,,,,,,,,
Finteum,,,,,,,,,,,,,,,,
FinTrU,,,,,,,,,,,,,,,,
Fintuity,,,,,,,,,,,,,,,,
Fireflock,,,,,,,,,,,,,,,,
first direct,,,,,,,,,,,,,,,,
Fisc,,,,,,,,,,,,,,,,
Fiskl,,,,,,,,,,,,,,,,
Flagstone,,,,,,,,,,,,,,,,
flatfair,,,,,,,,,,,,,,,,
Flexys,,,,,,,,,,,,,,,,
Float,,,,,,,,,,,,,,,,
FloCash,,,,,,,,,,,,,,,,
Flock,,,,,,,,,,,,,,,,
FloodFlash,,,,,,,,,,,,,,,,
Flow,,,,,,,,,,,,,,,,
Fluenccy,,,,,,,,,,,,,,,,
Fluency,,,,,,,,,,,,,,,,
Fluidly,,,,,,,,,,,,,,,,
Flux,,,,,,,,,,,,,,,,
Fly Now Pay Later,,,,,,,,,,,,,,,,
FNZ,,,,,,,,,,,,,,,,
Folk2Folk,,,,,,,,,,,,,,,,
Fonix,,,,,,,,,,,,,,,,
ForexClear,,,,,,,,,,,,,,,,
Form3,,,,,,,,,,,,,,,,
Forte Markets,,,,,,,,,,,,,,,,
Forter,,,,,,,,,,,,,,,,
Fortu,,,,,,,,,,,,,,,,
Foxberry,,,,,,,,,,,,,,,,
Fraudio,,,,,,,,,,,,,,,,
FreeAgent,,,,,,,,,,,,,,,,
Freemarket,,,,,,,,,,,,,,,,
Freetrade,,,,,,,,,,,,,,,,
Freeze Debt,,,,,,,,,,,,,,,,
FreightSafe,,,,,,,,,,,,,,,,
Fronted,,,,,,,,,,,,,,,,
Frost,,,,,,,,,,,,,,,,
FullCircl,,,,,,,,,,,,,,,,
Fund Ourselves,,,,,,,,,,,,,,,,
FundAdminChain,,,,,,,,,,,,,,,,
FundApps,,,,,,,,,,,,,,,,
Funderbeam,,,,,,,,,,,,,,,,
Funding Circle,,,,,,,,,,,,,,,,
Funding Options,,,,,,,,,,,,,,,,
Funding Xchange,,,,,,,,,,,,,,,,
FundingKnight,,,,,,,,,,,,,,,,
Funds-Axis,,,,,,,,,,,,,,,,
FundUgive2,,,,,,,,,,,,,,,,
FuseWorks,,,,,,,,,,,,,,,,
Future Finance,,,,,,,,,,,,,,,,
FutureBricks,,,,,,,,,,,,,,,,
FXCM,,,,,,,,,,,,,,,,
FXPress Payment Services,,,,,,,,,,,,,,,,
Gala Technology,,,,,,,,,,,,,,,,
Galytix,,,,,,,,,,,,,,,,
Gardenia Technologies,,,,,,,,,,,,,,,,
GBST,,,,,,,,,,,,,,,,
GCEX,,,,,,,,,,,,,,,,
GCPay,,,,,,,,,,,,,,,,
Genasys Technologies,,,,,,,,,,,,,,,,
Generation Home,,,,,,,,,,,,,,,,
Genesis,,,,,,,,,,,,,,,,
GeoDB,,,,,,,,,,,,,,,,
GetReminded,,,,,,,,,,,,,,,,
GivePenny,,,,,,,,,,,,,,,,
Glint,,,,,,,,,,,,,,,,
Globacap,,,,,,,,,,,,,,,,
Global Processing Services,,,,,,,,,,,,,,,,
Global Reach,,,,,,,,,,,,,,,,
Global Screening Services,,,,,,,,,,,,,,,,
Global-e,,,,,,,,,,,,,,,,
GlobalEye 3.0,,,,,,,,,,,,,,,,
Globatalent,,,,,,,,,,,,,,,,
Glory Global Solutions,,,,,,,,,,,,,,,,
GoCoin,,,,,,,,,,,,,,,,
goHenry,,,,,,,,,,,,,,,,
Gold-i,,,,,,,,,,,,,,,,
GoodBox,,,,,,,,,,,,,,,,
Goodtill,,,,,,,,,,,,,,,,
GoSolo,,,,,,,,,,,,,,,,
Gravity,,,,,,,,,,,,,,,,
Green Wallet,,,,,,,,,,,,,,,,
GreenGrowth,,,,,,,,,,,,,,,,
Gresham Technologies,,,,,,,,,,,,,,,,
Griffin,,,,,,,,,,,,,,,,
GTN,,,,,,,,,,,,,,,,
GuardianCard,,,,,,,,,,,,,,,,
GUAVAPAY,,,,,,,,,,,,,,,,
Habito,,,,,,,,,,,,,,,,
Hammock,,,,,,,,,,,,,,,,
Hands In,,,,,,,,,,,,,,,,
Hastee,,,,,,,,,,,,,,,,
Hazy,,,,,,,,,,,,,,,,
Heckyl,,,,,,,,,,,,,,,,
Hedgehog,,,,,,,,,,,,,,,,
HeirWealth,,,,,,,,,,,,,,,,
Hello Soda,,,,,,,,,,,,,,,,
Hi55,,,,,,,,,,,,,,,,
HiFX,,,,,,,,,,,,,,,,
HighRadius,,,,,,,,,,,,,,,,
Hiro,,,,,,,,,,,,,,,,
Hivera,,,,,,,,,,,,,,,,
Homeppl,,,,,,,,,,,,,,,,
Honcho,,,,,,,,,,,,,,,,
Hubb Insure,,,,,,,,,,,,,,,,
Hubpay,,,,,,,,,,,,,,,,
HUBX,,,,,,,,,,,,,,,,
Huddlestock,,,,,,,,,,,,,,,,
Humaniq,,,,,,,,,,,,,,,,
Hyperexponential,,,,,,,,,,,,,,,,
HyperJar,,,,,,,,,,,,,,,,
iban,,,,,,,,,,,,,,,,
ICC Solutions,,,,,,,,,,,,,,,,
ICE InsureTech,,,,,,,,,,,,,,,,
Icon Solutions,,,,,,,,,,,,,,,,
iDelta,,,,,,,,,,,,,,,,
Idenfo,,,,,,,,,,,,,,,,
IDS,,,,,,,,,,,,,,,,
IDVerse,,,,,,,,,,,,,,,,
IE Hub,,,,,,,,,,,,,,,,
ieDigital,,,,,,,,,,,,,,,,
IFX Payments,,,,,,,,,,,,,,,,
IHS Markit,,,,,,,,,,,,,,,,
Ikigai,,,,,,,,,,,,,,,,
ilumoni,,,,,,,,,,,,,,,,
ImageNPay,,,,,,,,,,,,,,,,
IMMO Capital,,,,,,,,,,,,,,,,
Inbest,,,,,,,,,,,,,,,,
Incard,,,,,,,,,,,,,,,,
Incited,,,,,,,,,,,,,,,,
incuto,,,,,,,,,,,,,,,,
INSTANDA,,,,,,,,,,,,,,,,
Instantt,,,,,,,,,,,,,,,,
Integrated Finance,,,,,,,,,,,,,,,,
IntelliBonds,,,,,,,,,,,,,,,,
intelliflo,,,,,,,,,,,,,,,,
Intelligent AI,,,,,,,,,,,,,,,,
Interactive Brokers,,,,,,,,,,,,,,,,
Interactive Investor,,,,,,,,,,,,,,,,
Invest & Fund,,,,,,,,,,,,,,,,
Investly,,,,,,,,,,,,,,,,
InvestorHub,,,,,,,,,,,,,,,,
InvestSuite,,,,,,,,,,,,,,,,
investUP,,,,,,,,,,,,,,,,
Invstr,,,,,,,,,,,,,,,,
io.insure,,,,,,,,,,,,,,,,
IPF Digital,,,,,,,,,,,,,,,,
IPOSUP,,,,,,,,,,,,,,,,
iProov,,,,,,,,,,,,,,,,
iSpent19,,,,,,,,,,,,,,,,
iwoca,,,,,,,,,,,,,,,,
Jaid,,,,,,,,,,,,,,,,
JaJa,,,,,,,,,,,,,,,,
Jeton,,,,,,,,,,,,,,,,
Juni,,,,,,,,,,,,,,,,
Just Move In,,,,,,,,,,,,,,,,
JustUs,,,,,,,,,,,,,,,,
Kalgera,,,,,,,,,,,,,,,,
Kani,,,,,,,,,,,,,,,,
Kantox,,,,,,,,,,,,,,,,
Kapaga,,,,,,,,,,,,,,,,
Karma,,,,,,,,,,,,,,,,
Kasko,,,,,,,,,,,,,,,,
Keebo,,,,,,,,,,,,,,,,
kennek,,,,,,,,,,,,,,,,
Kestrl,,,,,,,,,,,,,,,,
Khyber Exchange,,,,,,,,,,,,,,,,
KidStart,,,,,,,,,,,,,,,,
KiyanPay,,,,,,,,,,,,,,,,
Klink,,,,,,,,,,,,,,,,
Knoma,,,,,,,,,,,,,,,,
Know Your Customer,,,,,,,,,,,,,,,,
Know-it,,,,,,,,,,,,,,,,
KodyPay,,,,,,,,,,,,,,,,
KogoPAY,,,,,,,,,,,,,,,,
Koinal,,,,,,,,,,,,,,,,
Koinly,,,,,,,,,,,,,,,,
Kolleno,,,,,,,,,,,,,,,,
Kompli-Global,,,,,,,,,,,,,,,,
Koodoo,,,,,,,,,,,,,,,,
Koyo,,,,,,,,,,,,,,,,
Kraken,,,,,,,,,,,,,,,,
Kroo,,,,,,,,,,,,,,,,
Kuflink,,,,,,,,,,,,,,,,
KX,,,,,,,,,,,,,,,,
Kyckr,,,,,,,,,,,,,,,,
Kynec,,,,,,,,,,,,,,,,
Landbay,,,,,,,,,,,,,,,,
LandlordInvest,,,,,,,,,,,,,,,,
Landytech,,,,,,,,,,,,,,,,
Lanistar,,,,,,,,,,,,,,,,
Laser Digital,,,,,,,,,,,,,,,,
Launchnodes,,,,,,,,,,,,,,,,
Laybuy,,,,,,,,,,,,,,,,
LDMS,,,,,,,,,,,,,,,,
Lean Technologies,,,,,,,,,,,,,,,,
Leap Lending,,,,,,,,,,,,,,,,
Leatherback,,,,,,,,,,,,,,,,
LEI Worldwide,,,,,,,,,,,,,,,,
LemonEdge,,,,,,,,,,,,,,,,
Lendable,,,,,,,,,,,,,,,,
LenderKit,,,,,,,,,,,,,,,,
Lendhaus,,,,,,,,,,,,,,,,
Lending Stream,,,,,,,,,,,,,,,,
Lending Works,,,,,,,,,,,,,,,,
LendingCrowd,,,,,,,,,,,,,,,,
LendingMetrics,,,,,,,,,,,,,,,,
Leslie,,,,,,,,,,,,,,,,
Level,,,,,,,,,,,,,,,,
Level E Research,,,,,,,,,,,,,,,,
LHV UK,,,,,,,,,,,,,,,,
Liberis,,,,,,,,,,,,,,,,
Lifetise,,,,,,,,,,,,,,,,
Lightspeed,,,,,,,,,,,,,,,,
Lightyear,,,,,,,,,,,,,,,,
Lightyear,,,,,,,,,,,,,,,,
Limitless,,,,,,,,,,,,,,,,
Lintel,,,,,,,,,,,,,,,,
LMAX Exchange,,,,,,,,,,,,,,,,
Loanpad,,,,,,,,,,,,,,,,
Lopay,,,,,,,,,,,,,,,,
LOQBOX,,,,,,,,,,,,,,,,
LoyalBe,,,,,,,,,,,,,,,,
Lumio,,,,,,,,,,,,,,,,
Luno,,,,,,,,,,,,,,,,
LV,,,,,,,,,,,,,,,,
m2Wealth,,,,,,,,,,,,,,,,
Madara Invest,,,,,,,,,,,,,,,,
Maji,,,,,,,,,,,,,,,,
MANGOPAY,,,,,,,,,,,,,,,,
Manigo,,,,,,,,,,,,,,,,
Marco Polo,,,,,,,,,,,,,,,,
Marcus,,,,,,,,,,,,,,,,
MarketFinance,,,,,,,,,,,,,,,,
Marqeta,,,,,,,,,,,,,,,,
Marshmallow,,,,,,,,,,,,,,,,
Maslife,,,,,,,,,,,,,,,,
Maxa,,,,,,,,,,,,,,,,
Meniga,,,,,,,,,,,,,,,,
Merchant Hub,,,,,,,,,,,,,,,,
Mercuryo,,,,,,,,,,,,,,,,
Mettle,,,,,,,,,,,,,,,,
Microblink,,,,,,,,,,,,,,,,
MiFinity,,,,,,,,,,,,,,,,
Milestone Group,,,,,,,,,,,,,,,,
MilltechFX,,,,,,,,,,,,,,,,
Minted,,,,,,,,,,,,,,,,
mmob,,,,,,,,,,,,,,,,
MODLR,,,,,,,,,,,,,,,,
Modulr,,,,,,,,,,,,,,,,
Mojo Mortgages,,,,,,,,,,,,,,,,
Molo,,,,,,,,,,,,,,,,
Monavate,,,,,,,,,,,,,,,,
Monese,,,,,,,,,,,,,,,,
MONET,,,,,,,,,,,,,,,,
Monevo,,,,,,,,,,,,,,,,
Monevo Data Services,,,,,,,,,,,,,,,,
Money Dashboard,,,,,,,,,,,,,,,,
Money Guru,,,,,,,,,,,,,,,,
Money Mover,,,,,,,,,,,,,,,,
Money&Co,,,,,,,,,,,,,,,,
Moneyboat,,,,,,,,,,,,,,,,
Moneybox,,,,,,,,,,,,,,,,
Moneyfarm,,,,,,,,,,,,,,,,
Moneyhub,,,,,,,,,,,,,,,,
MoneyMatix,,,,,,,,,,,,,,,,
Moneyshake,,,,,,,,,,,,,,,,
Moneythor,,,,,,,,,,,,,,,,
Monily,,,,,,,,,,,,,,,,
Monimove,,,,,,,,,,,,,,,,
Monneo,,,,,,,,,,,,,,,,
monva,,,,,,,,,,,,,,,,
Monzo,,,,,,,,,,,,,,,,
Moonfare,,,,,,,,,,,,,,,,
Moorwand,,,,,,,,,,,,,,,,
Mortgage Brain,,,,,,,,,,,,,,,,
Mortgage Magic,,,,,,,,,,,,,,,,
MortgageGym,,,,,,,,,,,,,,,,
Mozn,,,,,,,,,,,,,,,,
MQube,,,,,,,,,,,,,,,,
Mr Yum,,,,,,,,,,,,,,,,
MuchBetter,,,,,,,,,,,,,,,,
Mudano,,,,,,,,,,,,,,,,
Multifi,,,,,,,,,,,,,,,,
MultiPay,,,,,,,,,,,,,,,,
Multiply,,,,,,,,,,,,,,,,
Muniy,,,,,,,,,,,,,,,,
Munnypot,,,,,,,,,,,,,,,,
My Digital,,,,,,,,,,,,,,,,
MYCDD,,,,,,,,,,,,,,,,
Mycelium,,,,,,,,,,,,,,,,
MyEarth.ID,,,,,,,,,,,,,,,,
MYHSM,,,,,,,,,,,,,,,,
MyMonty,,,,,,,,,,,,,,,,
MyPinPad,,,,,,,,,,,,,,,,
Napier AI,,,,,,,,,,,,,,,,
Native Teams,,,,,,,,,,,,,,,,
Nauggets,,,,,,,,,,,,,,,,
Navan,,,,,,,,,,,,,,,,
NayaOne,,,,,,,,,,,,,,,,
nCino,,,,,,,,,,,,,,,,
Nebeus,,,,,,,,,,,,,,,,
Neopay,,,,,,,,,,,,,,,,
Neotas,,,,,,,,,,,,,,,,
Nester,,,,,,,,,,,,,,,,
Net Purpose,,,,,,,,,,,,,,,,
NewDay,,,,,,,,,,,,,,,,
Newgen Software,,,,,,,,,,,,,,,,
Nexo,,,,,,,,,,,,,,,,
Neyber,,,,,,,,,,,,,,,,
Niceable,,,,,,,,,,,,,,,,
Nimbla,,,,,,,,,,,,,,,,
Nium,,,,,,,,,,,,,,,,
Nivaura,,,,,,,,,,,,,,,,
Nivo,,,,,,,,,,,,,,,,
Nomo,,,,,,,,,,,,,,,,
Nook,,,,,,,,,,,,,,,,
NorthRow,,,,,,,,,,,,,,,,
Novia Global,,,,,,,,,,,,,,,,
NoviCap,,,,,,,,,,,,,,,,
Novus,,,,,,,,,,,,,,,,
Nuapay,,,,,,,,,,,,,,,,
Nucha,,,,,,,,,,,,,,,,
Nucleus Commercial Finance,,,,,,,,,,,,,,,,
Nucleus Financial,,,,,,,,,,,,,,,,
Nucleus Software,,,,,,,,,,,,,,,,
Nucoro,,,,,,,,,,,,,,,,
Nude,,,,,,,,,,,,,,,,
Nuggets,,,,,,,,,,,,,,,,
NUMARQE,,,,,,,,,,,,,,,,
Nuon AI,,,,,,,,,,,,,,,,
Nutmeg,,,,,,,,,,,,,,,,
Nuvei,,,,,,,,,,,,,,,,
Oakam,,,,,,,,,,,,,,,,
Oakbrook,,,,,,,,,,,,,,,,
OakNorth,,,,,,,,,,,,,,,,
ObjectTech,,,,,,,,,,,,,,,,
Ocyan,,,,,,,,,,,,,,,,
OKX,,,,,,,,,,,,,,,,
OMG,,,,,,,,,,,,,,,,
Omnio,,,,,,,,,,,,,,,,
One Utility Bill,,,,,,,,,,,,,,,,
OneBanks,,,,,,,,,,,,,,,,
OneCrowd,,,,,,,,,,,,,,,,
Onfido,,,,,,,,,,,,,,,,
Open Vector,,,,,,,,,,,,,,,,
OpenGamma,,,,,,,,,,,,,,,,
OpenMoney,,,,,,,,,,,,,,,,
OpenPayd,,,,,,,,,,,,,,,,
OpenWrks,,,,,,,,,,,,,,,,
Ophelos,,,,,,,,,,,,,,,,
Optal,,,,,,,,,,,,,,,,
Optalitix,,,,,,,,,,,,,,,,
Optimus Cards,,,,,,,,,,,,,,,,
Optty,,,,,,,,,,,,,,,,
Ordo,,,,,,,,,,,,,,,,
Orenda Financial Solutions,,,,,,,,,,,,,,,,
Origo,,,,,,,,,,,,,,,,
Orka Technology Group,,,,,,,,,,,,,,,,
Ormsby Street,,,,,,,,,,,,,,,,
OroPay,,,,,,,,,,,,,,,,
OSeven,,,,,,,,,,,,,,,,
Osper,,,,,,,,,,,,,,,,
Osu,,,,,,,,,,,,,,,,
Outfund,,,,,,,,,,,,,,,,
Oval,,,,,,,,,,,,,,,,
Paddle,,,,,,,,,,,,,,,,
PagoFX,,,,,,,,,,,,,,,,
Paid,,,,,,,,,,,,,,,,
ParagonEX,,,,,,,,,,,,,,,,
Parity,,,,,,,,,,,,,,,,
Parkopedia,,,,,,,,,,,,,,,,
PassFort,,,,,,,,,,,,,,,,
Paxos,,,,,,,,,,,,,,,,
Paybase,,,,,,,,,,,,,,,,
Paybis,,,,,,,,,,,,,,,,
PayCore,,,,,,,,,,,,,,,,
PayFbit,,,,,,,,,,,,,,,,
Payfriendz,,,,,,,,,,,,,,,,
Payful,,,,,,,,,,,,,,,,
Payhawk,,,,,,,,,,,,,,,,
Payhere Payments,,,,,,,,,,,,,,,,
PayItMonthly,,,,,,,,,,,,,,,,
Payment Assist,,,,,,,,,,,,,,,,
PaymentComponents,,,,,,,,,,,,,,,,
Paymentology,,,,,,,,,,,,,,,,
Paymentsense,,,,,,,,,,,,,,,,
Payoneer,,,,,,,,,,,,,,,,
Payoneer,,,,,,,,,,,,,,,,
PayPoint,,,,,,,,,,,,,,,,
PayPugs,,,,,,,,,,,,,,,,
Payroc,,,,,,,,,,,,,,,,
Payrow,,,,,,,,,,,,,,,,
Paysafe,,,,,,,,,,,,,,,,
PaySend,,,,,,,,,,,,,,,,
Paysme,,,,,,,,,,,,,,,,
Paytrix,,,,,,,,,,,,,,,,
Pega,,,,,,,,,,,,,,,,
Pelican,,,,,,,,,,,,,,,,
Penfold,,,,,,,,,,,,,,,,
Pennies,,,,,,,,,,,,,,,,
Pennyworth,,,,,,,,,,,,,,,,
PensionBee,,,,,,,,,,,,,,,,
Perenna,,,,,,,,,,,,,,,,
Phos,,,,,,,,,,,,,,,,
Pikl,,,,,,,,,,,,,,,,
Pismo,,,,,,,,,,,,,,,,
Planixs,,,,,,,,,,,,,,,,
Plato,,,,,,,,,,,,,,,,
Playter,,,,,,,,,,,,,,,,
Pledjar,,,,,,,,,,,,,,,,
Plend,,,,,,,,,,,,,,,,
Plentitude,,,,,,,,,,,,,,,,
Plum,,,,,,,,,,,,,,,,
Plural AI,,,,,,,,,,,,,,,,
Plus500,,,,,,,,,,,,,,,,
PocketSmith,,,,,,,,,,,,,,,,
Pockit,,,,,,,,,,,,,,,,
Pole Star,,,,,,,,,,,,,,,,
Pollen,,,,,,,,,,,,,,,,
Pollinate,,,,,,,,,,,,,,,,
Pomelo Pay,,,,,,,,,,,,,,,,
Portabl,,,,,,,,,,,,,,,,
Portify,,,,,,,,,,,,,,,,
Pour,,,,,,,,,,,,,,,,
PPRO,,,,,,,,,,,,,,,,
PPS,,,,,,,,,,,,,,,,
PQShield,,,,,,,,,,,,,,,,
Praemium,,,,,,,,,,,,,,,,
PremFina,,,,,,,,,,,,,,,,
Prepaid Financial Services,,,,,,,,,,,,,,,,
Preqin,,,,,,,,,,,,,,,,
Previse,,,,,,,,,,,,,,,,
PrimaryBid,,,,,,,,,,,,,,,,
Primer,,,,,,,,,,,,,,,,
PrinSIX Technologies,,,,,,,,,,,,,,,,
Privitar,,,,,,,,,,,,,,,,
Prodigy Finance,,,,,,,,,,,,,,,,
Property Partner,,,,,,,,,,,,,,,,
Propio,,,,,,,,,,,,,,,,
Proplend,,,,,,,,,,,,,,,,
Proportunity,,,,,,,,,,,,,,,,
Prosper,,,,,,,,,,,,,,,,
Punk Money,,,,,,,,,,,,,,,,
Purely Capital,,,,,,,,,,,,,,,,
Qbitia,,,,,,,,,,,,,,,,
Qpal,,,,,,,,,,,,,,,,
Quadible,,,,,,,,,,,,,,,,
Quant,,,,,,,,,,,,,,,,
QuanTemplate,,,,,,,,,,,,,,,,
Quantexa,,,,,,,,,,,,,,,,
Quantium,,,,,,,,,,,,,,,,
Quint Group,,,,,,,,,,,,,,,,
Quo Money,,,,,,,,,,,,,,,,
QuoteOnSite,,,,,,,,,,,,,,,,
Radix,,,,,,,,,,,,,,,,
RailsBank,,,,,,,,,,,,,,,,
Rapyd,,,,,,,,,,,,,,,,
RateSetter,,,,,,,,,,,,,,,,
Ravelin,,,,,,,,,,,,,,,,
Rcloud,,,,,,,,,,,,,,,,
Ready Money,,,,,,,,,,,,,,,,
Rebuildingsociety,,,,,,,,,,,,,,,,
Receipt Bank,,,,,,,,,,,,,,,,
Recognise Bank,,,,,,,,,,,,,,,,
Recordsure,,,,,,,,,,,,,,,,
RedCloud,,,,,,,,,,,,,,,,
Refinitiv,,,,,,,,,,,,,,,,
RegulAItion,,,,,,,,,,,,,,,,
Reitly,,,,,,,,,,,,,,,,
Remitise,,,,,,,,,,,,,,,,
Reposit,,,,,,,,,,,,,,,,
Revenir,,,,,,,,,,,,,,,,
Rhisco,,,,,,,,,,,,,,,,
Rimilia,,,,,,,,,,,,,,,,
Ripe,,,,,,,,,,,,,,,,
Rippling,,,,,,,,,,,,,,,,
RiskSave,,,,,,,,,,,,,,,,
ROIMAX,,,,,,,,,,,,,,,,
Rosecut,,,,,,,,,,,,,,,,
Route Trading,,,,,,,,,,,,,,,,
RSM 2000,,,,,,,,,,,,,,,,
Ryft,,,,,,,,,,,,,,,,
S64,,,,,,,,,,,,,,,,
SaaScada,,,,,,,,,,,,,,,,
Safenetpay,,,,,,,,,,,,,,,,
Saffe,,,,,,,,,,,,,,,,
SageCity,,,,,,,,,,,,,,,,
Salad Money,,,,,,,,,,,,,,,,
Salary Finance,,,,,,,,,,,,,,,,
SalaryFits,,,,,,,,,,,,,,,,
SalesTrip,,,,,,,,,,,,,,,,
Salt Edge,,,,,,,,,,,,,,,,
Satago,,,,,,,,,,,,,,,,
Satoshi Systems,,,,,,,,,,,,,,,,
SatoshiPay,,,,,,,,,,,,,,,,
Schwarzthal Tech,,,,,,,,,,,,,,,,
Security Alliance,,,,,,,,,,,,,,,,
Seedrs,,,,,,,,,,,,,,,,
SellersFunding,,,,,,,,,,,,,,,,
Senseforth,,,,,,,,,,,,,,,,
Senta,,,,,,,,,,,,,,,,
SEPA Cyber Technologies,,,,,,,,,,,,,,,,
SETL,,,,,,,,,,,,,,,,
Shaparency,,,,,,,,,,,,,,,,
ShapeShift,,,,,,,,,,,,,,,,
Sharegain,,,,,,,,,,,,,,,,
ShareIn,,,,,,,,,,,,,,,,
Shieldpay,,,,,,,,,,,,,,,,
Shopperoo,,,,,,,,,,,,,,,,
Shufti Pro,,,,,,,,,,,,,,,,
Sikoia,,,,,,,,,,,,,,,,
SILK Ventures,,,,,,,,,,,,,,,,
Silverbird,,,,,,,,,,,,,,,,
Simple Transfer,,,,,,,,,,,,,,,,
Singular Intelligence,,,,,,,,,,,,,,,,
Skew,,,,,,,,,,,,,,,,
Slicker,,,,,,,,,,,,,,,,
Smarkets,,,,,,,,,,,,,,,,
Smart,,,,,,,,,,,,,,,,
SmartDebit,,,,,,,,,,,,,,,,
Smarter Contracts,,,,,,,,,,,,,,,,
Smartr365,,,,,,,,,,,,,,,,
SmartStream,,,,,,,,,,,,,,,,
Smoothpay,,,,,,,,,,,,,,,,
Snap Finance,,,,,,,,,,,,,,,,
Snoop,,,,,,,,,,,,,,,,
Snowdrop Solutions,,,,,,,,,,,,,,,,
SO-SURE,,,,,,,,,,,,,,,,
Soar,,,,,,,,,,,,,,,,
Sokin,,,,,,,,,,,,,,,,
Soldo,,,,,,,,,,,,,,,,
Solidi,,,,,,,,,,,,,,,,
Sonovate,,,,,,,,,,,,,,,,
Sopra Banking Software,,,,,,,,,,,,,,,,
Sourced Capital,,,,,,,,,,,,,,,,
Spectrocoin,,,,,,,,,,,,,,,,
SPIN Analytics,,,,,,,,,,,,,,,,
Sprive,,,,,,,,,,,,,,,,
Square,,,,,,,,,,,,,,,,
SquareBook,,,,,,,,,,,,,,,,
Squirrel,,,,,,,,,,,,,,,,
SS&C Technologies,,,,,,,,,,,,,,,,
Starling Bank,,,,,,,,,,,,,,,,
SteadyPay,,,,,,,,,,,,,,,,
SteelEye,,,,,,,,,,,,,,,,
Stellar Omada,,,,,,,,,,,,,,,,
Stenn,,,,,,,,,,,,,,,,
StepEx,,,,,,,,,,,,,,,,
StepLadder,,,,,,,,,,,,,,,,
STICPAY,,,,,,,,,,,,,,,,
Stocard,,,,,,,,,,,,,,,,
StockViews,,,,,,,,,,,,,,,,
Storfund,,,,,,,,,,,,,,,,
Stratiphy,,,,,,,,,,,,,,,,
Streeva,,,,,,,,,,,,,,,,
StrideUp,,,,,,,,,,,,,,,,
Strike,,,,,,,,,,,,,,,,
StyloPay,,,,,,,,,,,,,,,,
Suits Me,,,,,,,,,,,,,,,,
SumUp,,,,,,,,,,,,,,,,
Superscript,,,,,,,,,,,,,,,,
Supreme Fintech,,,,,,,,,,,,,,,,
SurePay,,,,,,,,,,,,,,,,
Sustainably,,,,,,,,,,,,,,,,
Swarm Dynamics,,,,,,,,,,,,,,,,
Sweep,,,,,,,,,,,,,,,,
Swidch,,,,,,,,,,,,,,,,
SWIFT,,,,,,,,,,,,,,,,
Swissborg,,,,,,,,,,,,,,,,
Swissquote,,,,,,,,,,,,,,,,
Swoop,,,,,,,,,,,,,,,,
Sybenetix,,,,,,,,,,,,,,,,
Symmetrical,,,,,,,,,,,,,,,,
Sync,,,,,,,,,,,,,,,,
SyndicateRoom,,,,,,,,,,,,,,,,
Synectics Solutions,,,,,,,,,,,,,,,,
TAB,,,,,,,,,,,,,,,,
Tail,,,,,,,,,,,,,,,,
TAINA Technology,,,,,,,,,,,,,,,,
takepayments,,,,,,,,,,,,,,,,
TallyMoney,,,,,,,,,,,,,,,,
Tallysticks,,,,,,,,,,,,,,,,
Tandem,,,,,,,,,,,,,,,,
TangoPay,,,,,,,,,,,,,,,,
Tappit,,,,,,,,,,,,,,,,
Tarabut,,,,,,,,,,,,,,,,
Target Group,,,,,,,,,,,,,,,,
Taulia,,,,,,,,,,,,,,,,
Tavant,,,,,,,,,,,,,,,,
TaxScouts,,,,,,,,,,,,,,,,
Tell Money,,,,,,,,,,,,,,,,
Telleroo,,,,,,,,,,,,,,,,
Tembo,,,,,,,,,,,,,,,,
Temenos,,,,,,,,,,,,,,,,
TerraPay,,,,,,,,,,,,,,,,
Tessian,,,,,,,,,,,,,,,,
Thalesians,,,,,,,,,,,,,,,,
Thames Technology,,,,,,,,,,,,,,,,
The Big Exchange,,,,,,,,,,,,,,,,
The Credit Thing,,,,,,,,,,,,,,,,
ThinCats,,,,,,,,,,,,,,,,
Third Financial,,,,,,,,,,,,,,,,
Thirdfort,,,,,,,,,,,,,,,,
Thought Machine,,,,,,,,,,,,,,,,
Thredd,,,,,,,,,,,,,,,,
Thyngs,,,,,,,,,,,,,,,,
tickr,,,,,,,,,,,,,,,,
Tide,,,,,,,,,,,,,,,,
TigerWit,,,,,,,,,,,,,,,,
Tiller Group,,,,,,,,,,,,,,,,
Tillit,,,,,,,,,,,,,,,,
Timeline App,,,,,,,,,,,,,,,,
Tink,,,,,,,,,,,,,,,,
TIPjAR,,,,,,,,,,,,,,,,
Titanbay,,,,,,,,,,,,,,,,
Toast,,,,,,,,,,,,,,,,
Token,,,,,,,,,,,,,,,,
Toqio,,,,,,,,,,,,,,,,
Torstone Technology,,,,,,,,,,,,,,,,
Total Processing,,,,,,,,,,,,,,,,
TotallyMoney,,,,,,,,,,,,,,,,
Trace Financial,,,,,,,,,,,,,,,,
Tractable,,,,,,,,,,,,,,,,
Trade Ledger,,,,,,,,,,,,,,,,
TradeCore,,,,,,,,,,,,,,,,
Tradefeedr,,,,,,,,,,,,,,,,
TraderMade,,,,,,,,,,,,,,,,
Tradeshift,,,,,,,,,,,,,,,,
Trading 212,,,,,,,,,,,,,,,,
TradingView,,,,,,,,,,,,,,,,
Tradle,,,,,,,,,,,,,,,,
Tranch,,,,,,,,,,,,,,,,
Transact Payments Limited,,,,,,,,,,,,,,,,
Transact365,,,,,,,,,,,,,,,,
TransferGo,,,,,,,,,,,,,,,,
TransFICC,,,,,,,,,,,,,,,,
TranSwap,,,,,,,,,,,,,,,,
Traydstream,,,,,,,,,,,,,,,,
TreasurySpring,,,,,,,,,,,,,,,,
Tribe Payments,,,,,,,,,,,,,,,,
Trilo,,,,,,,,,,,,,,,,
TRIVER,,,,,,,,,,,,,,,,
True Potential,,,,,,,,,,,,,,,,
TrueLayer,,,,,,,,,,,,,,,,
TrueNorth,,,,,,,,,,,,,,,,
TruNarrative,,,,,,,,,,,,,,,,
trunomi,,,,,,,,,,,,,,,,
TruRating,,,,,,,,,,,,,,,,
Trusek,,,,,,,,,,,,,,,,
Trussle,,,,,,,,,,,,,,,,
Trust Payments,,,,,,,,,,,,,,,,
trustology,,,,,,,,,,,,,,,,
Trustonic,,,,,,,,,,,,,,,,
Tulipshare,,,,,,,,,,,,,,,,
Tully,,,,,,,,,,,,,,,,
Tumelo,,,,,,,,,,,,,,,,
TuningBill,,,,,,,,,,,,,,,,
Turnkey Lender,,,,,,,,,,,,,,,,
twentyone,,,,,,,,,,,,,,,,
Two,,,,,,,,,,,,,,,,
Tymit,,,,,,,,,,,,,,,,
Uhura Solutions,,,,,,,,,,,,,,,,
Uinsure,,,,,,,,,,,,,,,,
UiPath,,,,,,,,,,,,,,,,
Uncapped,,,,,,,,,,,,,,,,
United Fintech,,,,,,,,,,,,,,,,
Universal Partners FX,,,,,,,,,,,,,,,,
Unlimit,,,,,,,,,,,,,,,,
Untangled Finance,,,,,,,,,,,,,,,,
Untied,,,,,,,,,,,,,,,,
Updraft,,,,,,,,,,,,,,,,
Upside Money,,,,,,,,,,,,,,,,
Uqudo,,,,,,,,,,,,,,,,
Urban Jungle,,,,,,,,,,,,,,,,
Urgentem,,,,,,,,,,,,,,,,
Util,,,,,,,,,,,,,,,,
Validis,,,,,,,,,,,,,,,,
VALK,,,,,,,,,,,,,,,,
Varsovia FX,,,,,,,,,,,,,,,,
Vaultoro,,,,,,,,,,,,,,,,
Velexa,,,,,,,,,,,,,,,,
Velocity Black,,,,,,,,,,,,,,,,
verimuchme,,,,,,,,,,,,,,,,
Veripark,,,,,,,,,,,,,,,,
Vestrata,,,,,,,,,,,,,,,,
Vesuvio Labs,,,,,,,,,,,,,,,,
Vevolution,,,,,,,,,,,,,,,,
VibePay,,,,,,,,,,,,,,,,
Visa,,,,,,,,,,,,,,,,
Vistalworks,,,,,,,,,,,,,,,,
Vitesse,,,,,,,,,,,,,,,,
VitraCash,,,,,,,,,,,,,,,,
Vizolution,,,,,,,,,,,,,,,,
VoguePay,,,,,,,,,,,,,,,,
Volopa,,,,,,,,,,,,,,,,
Volt,,,,,,,,,,,,,,,,
Voltric,,,,,,,,,,,,,,,,
Volume,,,,,,,,,,,,,,,,
Voly,,,,,,,,,,,,,,,,
VoxSmart,,,,,,,,,,,,,,,,
Voyant,,,,,,,,,,,,,,,,
Vyne,,,,,,,,,,,,,,,,
W.UP,,,,,,,,,,,,,,,,
W1tty,,,,,,,,,,,,,,,,
W2,,,,,,,,,,,,,,,,
Wagestream,,,,,,,,,,,,,,,,
Wagonex,,,,,,,,,,,,,,,,
Walletmor,,,,,,,,,,,,,,,,
Wamo,,,,,,,,,,,,,,,,
Wayhome,,,,,,,,,,,,,,,,
Wealth Dynamix,,,,,,,,,,,,,,,,
Wealth Wizards,,,,,,,,,,,,,,,,
Wealthify,,,,,,,,,,,,,,,,
Wealthkernel,,,,,,,,,,,,,,,,
WealthObjects,,,,,,,,,,,,,,,,
WealthOS,,,,,,,,,,,,,,,,
Weavr,,,,,,,,,,,,,,,,
WeCovr,,,,,,,,,,,,,,,,
Western Union,,,,,,,,,,,,,,,,
WeSWap,,,,,,,,,,,,,,,,
WhisperClaims,,,,,,,,,,,,,,,,
White Clarke Group,,,,,,,,,,,,,,,,
Whitehall Finance,,,,,,,,,,,,,,,,
Wholesale Investor,,,,,,,,,,,,,,,,
Winston,,,,,,,,,,,,,,,,
Wintermute,,,,,,,,,,,,,,,,
Winvesta,,,,,,,,,,,,,,,,
Wirex,,,,,,,,,,,,,,,,
Wise,,,,,,,,,,,,,,,,
Wise-Sync,,,,,,,,,,,,,,,,
WiseAlpha,,,,,,,,,,,,,,,,
Wiserfunding,,,,,,,,,,,,,,,,
Wollit,,,,,,,,,,,,,,,,
Wombat,,,,,,,,,,,,,,,,
Workscope,,,,,,,,,,,,,,,,
Worldpay,,,,,,,,,,,,,,,,
WorldRemit,,,,,,,,,,,,,,,,
WSO2,,,,,,,,,,,,,,,,
Xai Asset Management,,,,,,,,,,,,,,,,
XBTO,,,,,,,,,,,,,,,,
xpate,,,,,,,,,,,,,,,,
Xpress Money,,,,,,,,,,,,,,,,
Yamgo,,,,,,,,,,,,,,,,
Yapily,,,,,,,,,,,,,,,,
YayPay,,,,,,,,,,,,,,,,
YAYZY,,,,,,,,,,,,,,,,
Yedup,,,,,,,,,,,,,,,,
Yielders,,,,,,,,,,,,,,,,
Yobota,,,,,,,,,,,,,,,,
Yoello,,,,,,,,,,,,,,,,
Yonder,,,,,,,,,,,,,,,,
Yordex,,,,,,,,,,,,,,,,
Yoti,,,,,,,,,,,,,,,,
YouLend,,,,,,,,,,,,,,,,
Yourkeys,,,,,,,,,,,,,,,,
Yoyo Wallet,,,,,,,,,,,,,,,,
yReceipts,,,,,,,,,,,,,,,,
ZappaPay,,,,,,,,,,,,,,,,
Zego,,,,,,,,,,,,,,,,
Zerocap,,,,,,,,,,,,,,,,
Zeux,,,,,,,,,,,,,,,,
Ziglu,,,,,,,,,,,,,,,,
Zilch,,,,,,,,,,,,,,,,
Zing,,,,,,,,,,,,,,,,
Zodia Custody,,,,,,,,,,,,,,,,
Zodia Markets,,,,,,,,,,,,,,,,
ZooPay,,,,,,,,,,,,,,,,
Zopa,,,,,,,,,,,,,,,,
Zumo,,,,,,,,,,,,,,,,
Zuora,,,,,,,,,,,,,,,,
Zuto,,,,,,,,,,,,,,,,
Zvilo,,,,,,,,,,,,,,,,
